{"Version":2,"SourceFileDate":133602279032549405,"Flags":["FL_BITMAP_COMPRESSION","FL_BITMAP_MIPMAP","FL_BITMAP_QUALITY_HIGH","FL_BITMAP_PRECOMPUTED_INV_AVG"],"InvAvgColor":[1.2395268678665161,1.5211952924728394,1000000],"HasTransp":true}