{"Version":2,"SourceFileDate":133653410943836014,"Flags":["FL_BITMAP_COMPRESSION","FL_BITMAP_MIPMAP","FL_BITMAP_QUALITY_HIGH","FL_BITMAP_PRECOMPUTED_INV_AVG"],"InvAvgColor":[1.1576656103134155,1.4207057952880859,1000000],"HasTransp":true}