{"Version":2,"SourceFileDate":133956889300443658,"Flags":["FL_BITMAP_COMPRESSION","FL_BITMAP_MIPMAP","FL_BITMAP_QUALITY_HIGH","FL_BITMAP_PRECOMPUTED_INV_AVG"],"InvAvgColor":[1.2263854742050171,1.5050731897354126,1000000],"HasTransp":true}