{"Version":2,"SourceFileDate":133956889300753954,"Flags":["FL_BITMAP_COMPRESSION","FL_BITMAP_MIPMAP","FL_BITMAP_QUALITY_HIGH","FL_BITMAP_PRECOMPUTED_INV_AVG"],"InvAvgColor":[1.2653629779815674,1.5528833866119385,1000000],"HasTransp":true}