{"Version":2,"SourceFileDate":133602271986404124,"Flags":["FL_BITMAP_COMPRESSION","FL_BITMAP_MIPMAP","FL_BITMAP_QUALITY_HIGH","FL_BITMAP_PRECOMPUTED_INV_AVG"],"InvAvgColor":[1.2031099796295166,1.4764761924743652,1000000],"HasTransp":true}