{"Version":2,"SourceFileDate":133967806239473868,"Flags":["FL_BITMAP_COMPRESSION","FL_BITMAP_MIPMAP","FL_BITMAP_QUALITY_HIGH","FL_BITMAP_PRECOMPUTED_INV_AVG"],"InvAvgColor":[1.5241498947143555,2.9254610538482666,1000000],"HasTransp":true}