{"Version":2,"SourceFileDate":133956889300663944,"Flags":["FL_BITMAP_COMPRESSION","FL_BITMAP_MIPMAP","FL_BITMAP_QUALITY_HIGH","FL_BITMAP_PRECOMPUTED_INV_AVG"],"InvAvgColor":[1.2027441263198853,1.4760398864746094,1000000],"HasTransp":true}