{"Version":2,"SourceFileDate":133967378444466729,"Flags":["FL_BITMAP_COMPRESSION","FL_BITMAP_MIPMAP","FL_BITMAP_QUALITY_HIGH","FL_BITMAP_PRECOMPUTED_INV_AVG"],"InvAvgColor":[4.3050003051757812,3.3662788867950439,2.4078540802001953],"HasTransp":true}