{"Version":2,"SourceFileDate":133967801430089124,"Flags":["FL_BITMAP_COMPRESSION","FL_BITMAP_MIPMAP","FL_BITMAP_QUALITY_HIGH","FL_BITMAP_PRECOMPUTED_INV_AVG"],"InvAvgColor":[1.4443838596343994,2.7723305225372314,1000000],"HasTransp":true}