{"Version":2,"SourceFileDate":133967805843595149,"Flags":["FL_BITMAP_COMPRESSION","FL_BITMAP_MIPMAP","FL_BITMAP_QUALITY_HIGH","FL_BITMAP_PRECOMPUTED_INV_AVG"],"InvAvgColor":[1.5137139558792114,2.9054317474365234,1000000],"HasTransp":true}