{"Version":2,"SourceFileDate":133653410944036320,"Flags":["FL_BITMAP_COMPRESSION","FL_BITMAP_MIPMAP","FL_BITMAP_QUALITY_HIGH","FL_BITMAP_PRECOMPUTED_INV_AVG"],"InvAvgColor":[1.2499964237213135,1.5340238809585571,1000000],"HasTransp":true}