{"Version":2,"SourceFileDate":133602270720134447,"Flags":["FL_BITMAP_COMPRESSION","FL_BITMAP_MIPMAP","FL_BITMAP_QUALITY_HIGH","FL_BITMAP_PRECOMPUTED_INV_AVG"],"InvAvgColor":[1.2630048990249634,1.5499417781829834,1000000],"HasTransp":true}