{"Version":2,"SourceFileDate":133967805533163185,"Flags":["FL_BITMAP_COMPRESSION","FL_BITMAP_MIPMAP","FL_BITMAP_QUALITY_HIGH","FL_BITMAP_PRECOMPUTED_INV_AVG"],"InvAvgColor":[1.5219869613647461,2.9213058948516846,1000000],"HasTransp":true}