{"Version":2,"SourceFileDate":133602268750842036,"Flags":["FL_BITMAP_COMPRESSION","FL_BITMAP_MIPMAP","FL_BITMAP_QUALITY_HIGH","FL_BITMAP_PRECOMPUTED_INV_AVG"],"InvAvgColor":[1.1574521064758301,1.4204361438751221,1000000],"HasTransp":true}