{"Version":2,"SourceFileDate":133653410943811010,"Flags":["FL_BITMAP_COMPRESSION","FL_BITMAP_MIPMAP","FL_BITMAP_QUALITY_HIGH","FL_BITMAP_PRECOMPUTED_INV_AVG"],"InvAvgColor":[1.2047688961029053,1.4785119295120239,1000000],"HasTransp":true}