{"Version":2,"SourceFileDate":133602272321709711,"Flags":["FL_BITMAP_COMPRESSION","FL_BITMAP_MIPMAP","FL_BITMAP_QUALITY_HIGH","FL_BITMAP_PRECOMPUTED_INV_AVG"],"InvAvgColor":[1.1976492404937744,1.4697803258895874,1000000],"HasTransp":true}