{"Version":2,"SourceFileDate":133653410944107536,"Flags":["FL_BITMAP_COMPRESSION","FL_BITMAP_MIPMAP","FL_BITMAP_QUALITY_HIGH","FL_BITMAP_PRECOMPUTED_INV_AVG"],"InvAvgColor":[1.2506773471832275,1.5348614454269409,1000000],"HasTransp":true}