{"Version":2,"SourceFileDate":133602267627811936,"Flags":["FL_BITMAP_COMPRESSION","FL_BITMAP_MIPMAP","FL_BITMAP_QUALITY_HIGH","FL_BITMAP_PRECOMPUTED_INV_AVG"],"InvAvgColor":[1.0642822980880737,1.3061001300811768,1000000],"HasTransp":true}