{"Version":2,"SourceFileDate":133967807881605757,"Flags":["FL_BITMAP_COMPRESSION","FL_BITMAP_MIPMAP","FL_BITMAP_QUALITY_HIGH","FL_BITMAP_PRECOMPUTED_INV_AVG"],"InvAvgColor":[1.3798813819885254,2.6485238075256348,1000000],"HasTransp":true}