{"Version":2,"SourceFileDate":133967378444481782,"Flags":["FL_BITMAP_COMPRESSION","FL_BITMAP_MIPMAP","FL_BITMAP_QUALITY_HIGH","FL_BITMAP_PRECOMPUTED_INV_AVG"],"InvAvgColor":[3.4364347457885742,2.850454568862915,2.1738035678863525],"HasTransp":true}