{"Version":2,"SourceFileDate":133956889300803954,"Flags":["FL_BITMAP_COMPRESSION","FL_BITMAP_MIPMAP","FL_BITMAP_QUALITY_HIGH","FL_BITMAP_PRECOMPUTED_INV_AVG"],"InvAvgColor":[1.2190821170806885,1.4960860013961792,1000000],"HasTransp":true}