{"Version":2,"SourceFileDate":133967807303161456,"Flags":["FL_BITMAP_COMPRESSION","FL_BITMAP_MIPMAP","FL_BITMAP_QUALITY_HIGH","FL_BITMAP_PRECOMPUTED_INV_AVG"],"InvAvgColor":[1.4856230020523071,2.8515095710754395,1000000],"HasTransp":true}