{"Version":2,"SourceFileDate":133967807105099065,"Flags":["FL_BITMAP_COMPRESSION","FL_BITMAP_MIPMAP","FL_BITMAP_QUALITY_HIGH","FL_BITMAP_PRECOMPUTED_INV_AVG"],"InvAvgColor":[1.4929320812225342,2.8655428886413574,1000000],"HasTransp":true}