{"Version":2,"SourceFileDate":133956889300558858,"Flags":["FL_BITMAP_COMPRESSION","FL_BITMAP_MIPMAP","FL_BITMAP_QUALITY_HIGH","FL_BITMAP_PRECOMPUTED_INV_AVG"],"InvAvgColor":[1.2295891046524048,1.5089700222015381,1000000],"HasTransp":true}