{"Version":2,"SourceFileDate":133967807484104209,"Flags":["FL_BITMAP_COMPRESSION","FL_BITMAP_MIPMAP","FL_BITMAP_QUALITY_HIGH","FL_BITMAP_PRECOMPUTED_INV_AVG"],"InvAvgColor":[1.4509561061859131,2.7849705219268799,1000000],"HasTransp":true}