{"Version":2,"SourceFileDate":133602272151013885,"Flags":["FL_BITMAP_COMPRESSION","FL_BITMAP_MIPMAP","FL_BITMAP_QUALITY_HIGH","FL_BITMAP_PRECOMPUTED_INV_AVG"],"InvAvgColor":[1.1782388687133789,1.4459543228149414,1000000],"HasTransp":true}