{"Version":2,"SourceFileDate":133967378444511870,"Flags":["FL_BITMAP_COMPRESSION","FL_BITMAP_MIPMAP","FL_BITMAP_QUALITY_HIGH","FL_BITMAP_PRECOMPUTED_INV_AVG"],"InvAvgColor":[3.70577073097229,3.01698899269104,2.2526850700378418],"HasTransp":true}