{"Version":2,"SourceFileDate":133653410944092423,"Flags":["FL_BITMAP_COMPRESSION","FL_BITMAP_MIPMAP","FL_BITMAP_QUALITY_HIGH","FL_BITMAP_PRECOMPUTED_INV_AVG"],"InvAvgColor":[1.1473665237426758,1.4080604314804077,1000000],"HasTransp":true}