{"Version":2,"SourceFileDate":133967804969740274,"Flags":["FL_BITMAP_COMPRESSION","FL_BITMAP_MIPMAP","FL_BITMAP_QUALITY_HIGH","FL_BITMAP_PRECOMPUTED_INV_AVG"],"InvAvgColor":[1.3945937156677246,2.6767640113830566,1000000],"HasTransp":true}