{"Version":2,"SourceFileDate":133602274499565363,"Flags":["FL_BITMAP_COMPRESSION","FL_BITMAP_MIPMAP","FL_BITMAP_QUALITY_HIGH","FL_BITMAP_PRECOMPUTED_INV_AVG"],"InvAvgColor":[1.1917591094970703,1.4625602960586548,1000000],"HasTransp":true}