{"Version":2,"SourceFileDate":133956889300768942,"Flags":["FL_BITMAP_COMPRESSION","FL_BITMAP_MIPMAP","FL_BITMAP_QUALITY_HIGH","FL_BITMAP_PRECOMPUTED_INV_AVG"],"InvAvgColor":[1.1486523151397705,1.4096360206604004,1000000],"HasTransp":true}