{"Version":2,"SourceFileDate":133967807624394186,"Flags":["FL_BITMAP_COMPRESSION","FL_BITMAP_MIPMAP","FL_BITMAP_QUALITY_HIGH","FL_BITMAP_PRECOMPUTED_INV_AVG"],"InvAvgColor":[1.4777395725250244,2.8363831043243408,1000000],"HasTransp":true}