{"Version":2,"SourceFileDate":133967806704437442,"Flags":["FL_BITMAP_COMPRESSION","FL_BITMAP_MIPMAP","FL_BITMAP_QUALITY_HIGH","FL_BITMAP_PRECOMPUTED_INV_AVG"],"InvAvgColor":[1.5606588125228882,2.9955370426177979,1000000],"HasTransp":true}