{"Version":2,"SourceFileDate":133653410943956332,"Flags":["FL_BITMAP_COMPRESSION","FL_BITMAP_MIPMAP","FL_BITMAP_QUALITY_HIGH","FL_BITMAP_PRECOMPUTED_INV_AVG"],"InvAvgColor":[1.1306004524230957,1.3874870538711548,1000000],"HasTransp":true}