{"Version":2,"SourceFileDate":133602268077312743,"Flags":["FL_BITMAP_COMPRESSION","FL_BITMAP_MIPMAP","FL_BITMAP_QUALITY_HIGH","FL_BITMAP_PRECOMPUTED_INV_AVG"],"InvAvgColor":[1.1323106288909912,1.3895881175994873,1000000],"HasTransp":true}