{"Version":2,"SourceFileDate":133602270899526200,"Flags":["FL_BITMAP_COMPRESSION","FL_BITMAP_MIPMAP","FL_BITMAP_QUALITY_HIGH","FL_BITMAP_PRECOMPUTED_INV_AVG"],"InvAvgColor":[1.1373968124389648,1.3958109617233276,1000000],"HasTransp":true}