{"Version":2,"SourceFileDate":133967806852058787,"Flags":["FL_BITMAP_COMPRESSION","FL_BITMAP_MIPMAP","FL_BITMAP_QUALITY_HIGH","FL_BITMAP_PRECOMPUTED_INV_AVG"],"InvAvgColor":[1.5026905536651611,2.8842711448669434,1000000],"HasTransp":true}