{"Version":2,"SourceFileDate":133653410943941215,"Flags":["FL_BITMAP_COMPRESSION","FL_BITMAP_MIPMAP","FL_BITMAP_QUALITY_HIGH","FL_BITMAP_PRECOMPUTED_INV_AVG"],"InvAvgColor":[1.2189358472824097,1.4958984851837158,1000000],"HasTransp":true}