{"Version":2,"SourceFileDate":133653410944117522,"Flags":["FL_BITMAP_COMPRESSION","FL_BITMAP_MIPMAP","FL_BITMAP_QUALITY_HIGH","FL_BITMAP_PRECOMPUTED_INV_AVG"],"InvAvgColor":[1.1944431066513062,1.3579035997390747,1000000]}