{"Version":2,"SourceFileDate":133653410944405962,"Flags":["FL_BITMAP_COMPRESSION","FL_BITMAP_MIPMAP","FL_BITMAP_QUALITY_HIGH","FL_BITMAP_PRECOMPUTED_INV_AVG"],"InvAvgColor":[4.5684375762939453,3.5425949096679688,1000000],"HasTransp":true}