{"Version":2,"SourceFileDate":133653410944440964,"Flags":["FL_BITMAP_COMPRESSION","FL_BITMAP_MIPMAP","FL_BITMAP_QUALITY_HIGH","FL_BITMAP_PRECOMPUTED_INV_AVG"],"InvAvgColor":[6.1213040351867676,4.9044742584228516,1000000],"HasTransp":true}