{"Version":2,"SourceFileDate":132631675960000000,"Flags":["FL_BITMAP_COMPRESSION","FL_BITMAP_MIPMAP","FL_BITMAP_QUALITY_HIGH","FL_BITMAP_PRECOMPUTED_INV_AVG"],"InvAvgColor":[5.2427840232849121,4.1229820251464844,1000000],"HasTransp":true}