{"Version":2,"SourceFileDate":133653410944395947,"Flags":["FL_BITMAP_COMPRESSION","FL_BITMAP_MIPMAP","FL_BITMAP_QUALITY_HIGH","FL_BITMAP_PRECOMPUTED_INV_AVG"],"InvAvgColor":[4.3580613136291504,3.3646881580352783,1000000],"HasTransp":true}