{"Version":2,"SourceFileDate":132631233640000000,"Flags":["FL_BITMAP_COMPRESSION","FL_BITMAP_MIPMAP","FL_BITMAP_QUALITY_HIGH","FL_BITMAP_PRECOMPUTED_INV_AVG"],"InvAvgColor":[1.0807960033416748,1.2286983728408813,1000000]}