{"Version":2,"SourceFileDate":132631211740000000,"Flags":["FL_BITMAP_COMPRESSION","FL_BITMAP_MIPMAP","FL_BITMAP_QUALITY_HIGH","FL_BITMAP_PRECOMPUTED_INV_AVG"],"InvAvgColor":[5.5343565940856934,4.3792233467102051,1000000],"HasTransp":true}