{"Version":2,"SourceFileDate":133956889300999765,"Flags":["FL_BITMAP_COMPRESSION","FL_BITMAP_MIPMAP","FL_BITMAP_QUALITY_HIGH","FL_BITMAP_PRECOMPUTED_INV_AVG"],"InvAvgColor":[1.1701680421829224,1.3303087949752808,1000000]}