{"Version":2,"SourceFileDate":133623376250849810,"Flags":["FL_BITMAP_COMPRESSION","FL_BITMAP_MIPMAP","FL_BITMAP_QUALITY_HIGH","FL_BITMAP_PRECOMPUTED_INV_AVG"],"InvAvgColor":[1.1184797286987305,1.2715460062026978,1000000]}