{"Version":2,"SourceFileDate":133956889301305718,"Flags":["FL_BITMAP_COMPRESSION","FL_BITMAP_MIPMAP","FL_BITMAP_QUALITY_HIGH","FL_BITMAP_PRECOMPUTED_INV_AVG"],"InvAvgColor":[5.0810642242431641,3.9822654724121094,1000000],"HasTransp":true}