{"Version":2,"SourceFileDate":132630843680000000,"Flags":["FL_BITMAP_COMPRESSION","FL_BITMAP_MIPMAP","FL_BITMAP_QUALITY_HIGH","FL_BITMAP_PRECOMPUTED_INV_AVG"],"InvAvgColor":[4.9065890312194824,3.8315460681915283,1000000],"HasTransp":true}