{"Version":2,"SourceFileDate":133653410944162632,"Flags":["FL_BITMAP_COMPRESSION","FL_BITMAP_MIPMAP","FL_BITMAP_QUALITY_HIGH","FL_BITMAP_PRECOMPUTED_INV_AVG"],"InvAvgColor":[1.1460275650024414,1.3028680086135864,1000000]}