{"Version":2,"SourceFileDate":133653410944430967,"Flags":["FL_BITMAP_COMPRESSION","FL_BITMAP_MIPMAP","FL_BITMAP_QUALITY_HIGH","FL_BITMAP_PRECOMPUTED_INV_AVG"],"InvAvgColor":[4.6109819412231445,3.5784969329833984,1000000],"HasTransp":true}