{"Version":2,"SourceFileDate":133653410944420951,"Flags":["FL_BITMAP_COMPRESSION","FL_BITMAP_MIPMAP","FL_BITMAP_QUALITY_HIGH","FL_BITMAP_PRECOMPUTED_INV_AVG"],"InvAvgColor":[4.0643496513366699,3.1187677383422852,1000000],"HasTransp":true}