{"Version":2,"SourceFileDate":133956889301100035,"Flags":["FL_BITMAP_COMPRESSION","FL_BITMAP_MIPMAP","FL_BITMAP_QUALITY_HIGH","FL_BITMAP_PRECOMPUTED_INV_AVG"],"InvAvgColor":[1.2350937128067017,1.4041200876235962,1000000]}