{"Version":2,"SourceFileDate":132633223660000000,"Flags":["FL_BITMAP_COMPRESSION","FL_BITMAP_MIPMAP","FL_BITMAP_QUALITY_HIGH","FL_BITMAP_PRECOMPUTED_INV_AVG"],"InvAvgColor":[4.2569694519042969,3.2797989845275879,1000000],"HasTransp":true}