{"Version":2,"SourceFileDate":133956889301130340,"Flags":["FL_BITMAP_COMPRESSION","FL_BITMAP_MIPMAP","FL_BITMAP_QUALITY_HIGH","FL_BITMAP_PRECOMPUTED_INV_AVG"],"InvAvgColor":[1.1293817758560181,1.2839406728744507,1000000]}