{"Version":2,"SourceFileDate":133625139009578409,"Flags":["FL_BITMAP_COMPRESSION","FL_BITMAP_MIPMAP","FL_BITMAP_QUALITY_HIGH","FL_BITMAP_PRECOMPUTED_INV_AVG"],"InvAvgColor":[1.0831876993179321,1.2314177751541138,1000000]}