{"Version":2,"SourceFileDate":132633220440000000,"Flags":["FL_BITMAP_COMPRESSION","FL_BITMAP_MIPMAP","FL_BITMAP_QUALITY_HIGH","FL_BITMAP_PRECOMPUTED_INV_AVG"],"InvAvgColor":[4.1092228889465332,3.1563796997070312,1000000],"HasTransp":true}