{"Version":2,"SourceFileDate":133956889301140339,"Flags":["FL_BITMAP_COMPRESSION","FL_BITMAP_MIPMAP","FL_BITMAP_QUALITY_HIGH","FL_BITMAP_PRECOMPUTED_INV_AVG"],"InvAvgColor":[1.1130286455154419,1.2653495073318481,1000000]}