{"Version":2,"SourceFileDate":133653410944466098,"Flags":["FL_BITMAP_COMPRESSION","FL_BITMAP_MIPMAP","FL_BITMAP_QUALITY_HIGH","FL_BITMAP_PRECOMPUTED_INV_AVG"],"InvAvgColor":[4.4914393424987793,3.4772360324859619,1000000],"HasTransp":true}