{"Version":2,"SourceFileDate":133653410944217630,"Flags":["FL_BITMAP_COMPRESSION","FL_BITMAP_MIPMAP","FL_BITMAP_QUALITY_HIGH","FL_BITMAP_PRECOMPUTED_INV_AVG"],"InvAvgColor":[1.1534082889556885,1.3112554550170898,1000000]}