{"Version":2,"SourceFileDate":133956889301280739,"Flags":["FL_BITMAP_COMPRESSION","FL_BITMAP_MIPMAP","FL_BITMAP_QUALITY_HIGH","FL_BITMAP_PRECOMPUTED_INV_AVG"],"InvAvgColor":[6.0984277725219727,4.8838214874267578,1000000],"HasTransp":true}