{"Version":2,"SourceFileDate":133956889300984769,"Flags":["FL_BITMAP_COMPRESSION","FL_BITMAP_MIPMAP","FL_BITMAP_QUALITY_HIGH","FL_BITMAP_PRECOMPUTED_INV_AVG"],"InvAvgColor":[1.1165022850036621,1.2693020105361938,1000000]}