{"Version":2,"SourceFileDate":133653410944335745,"Flags":["FL_BITMAP_COMPRESSION","FL_BITMAP_MIPMAP","FL_BITMAP_QUALITY_HIGH","FL_BITMAP_PRECOMPUTED_INV_AVG"],"InvAvgColor":[1.1206896305084229,1.2740582227706909,1000000]}