{"Version":2,"SourceFileDate":133653410944187631,"Flags":["FL_BITMAP_COMPRESSION","FL_BITMAP_MIPMAP","FL_BITMAP_QUALITY_HIGH","FL_BITMAP_PRECOMPUTED_INV_AVG"],"InvAvgColor":[1.161175012588501,1.3200750350952148,1000000]}