{"Version":2,"SourceFileDate":133956889300949766,"Flags":["FL_BITMAP_COMPRESSION","FL_BITMAP_MIPMAP","FL_BITMAP_QUALITY_HIGH","FL_BITMAP_PRECOMPUTED_INV_AVG"],"InvAvgColor":[1.176627516746521,1.3376451730728149,1000000]}