{"Version":2,"SourceFileDate":132630843940000000,"Flags":["FL_BITMAP_COMPRESSION","FL_BITMAP_MIPMAP","FL_BITMAP_QUALITY_HIGH","FL_BITMAP_PRECOMPUTED_INV_AVG"],"InvAvgColor":[4.6819510459899902,3.6390590667724609,1000000],"HasTransp":true}